Video1, Video2, Simulated_Score
630457,148241,13.068108
630457,2235,11.606947
630457,631469,11.43756
630457,151573,10.983084
630457,1293,10.616215
