Video1, Video2, Simulated_Score
611962,621251,13.076576
611962,155978,11.273454
611962,151312,9.82443
611962,630703,8.6471195
611962,2389,7.15244
