Video1, Video2, Simulated_Score
15581,2389,12.297712
15581,1493,8.2405
15581,617520,7.297372
15581,618084,6.5731854
15581,43555,6.262759
