Video1, Video2, Simulated_Score
630457,631446,23.760296
630457,2235,19.572393
630457,63466,19.151129
630457,618242,15.740906
630457,639267,15.655213
