Video1, Video2, Simulated_Score
611962,151312,15.759109
611962,626032,15.577816
611962,149961,13.5109825
611962,633428,13.229841
611962,2389,12.048292
