Video1, Video2, Simulated_Score
612014,1095,5.6719522
612014,630283,5.4903984
612014,617879,5.489971
612014,1251,5.007371
612014,63466,4.9343195
