Video1, Video2, Simulated_Score
617569,160161,17.365644
617569,616659,16.170404
617569,630173,14.587958
617569,148241,13.068108
617569,61831,12.326054
