Video1, Video2, Simulated_Score
15581,633428,12.824205
15581,613558,12.148373
15581,149961,10.389696
15581,630741,10.246685
15581,626032,9.625237
