Video1, Video2, Simulated_Score
28984,151225,15.853234
28984,2389,13.640968
28984,2263,10.556511
28984,638813,7.6720138
28984,2347,6.655945
