Video1, Video2, Simulated_Score
639267,638813,20.559834
639267,613558,13.494129
639267,616483,12.452587
639267,624224,11.403505
639267,625875,9.828922
