Video1, Video2, Simulated_Score
155841,630283,25.08244
155841,28984,18.130577
155841,624436,15.927483
155841,2221,13.608342
155841,173432,12.503921
