Video1, Video2, Simulated_Score
1885,633428,12.824205
1885,613558,12.148373
1885,149961,10.389696
1885,630741,10.246685
1885,626032,9.625237
