Video1, Video2, Simulated_Score
28984,151252,19.181177
28984,151312,13.808709
28984,614834,13.805643
28984,621251,13.613386
28984,2389,12.112012
