Video1, Video2, Simulated_Score
630457,640409,22.338497
630457,624109,21.565847
630457,151573,16.774582
630457,71534,16.231237
630457,160161,15.854393
