Video1, Video2, Simulated_Score
151225,173432,28.936409
151225,624436,17.876785
151225,2221,17.850504
151225,151573,15.128986
151225,63466,11.559631
