Video1, Video2, Simulated_Score
15581,625875,18.631811
15581,621251,13.613386
15581,2583,12.7724
15581,638813,11.951662
15581,164993,9.271299
