Video1, Video2, Simulated_Score
155841,173432,28.936409
155841,624436,17.876785
155841,2221,17.850504
155841,151573,15.128986
155841,63466,11.559631
