Video1, Video2, Simulated_Score
639267,2207,10.488274
639267,2389,9.248722
639267,155988,8.782951
639267,616483,7.985385
639267,2347,7.695462
