Video1, Video2, Simulated_Score
155988,173432,28.936409
155988,3155,17.922087
155988,28984,17.734152
155988,625793,16.881578
155988,151573,15.128986
