Video1, Video2, Simulated_Score
612014,630200,1.0288072
612014,151339,0.79464203
612014,627986,0.63231516
612014,3223,0.47303742
612014,615363,0.39194864
