Video1, Video2, Simulated_Score
1493,631313,33.14238
1493,71534,22.157433
1493,617879,21.292759
1493,63466,20.70398
1493,1251,11.364068
