Video1, Video2, Simulated_Score
612014,638618,3.3058753
612014,151856,3.1028914
612014,639267,3.0749304
612014,625850,2.5445485
612014,615191,1.8919454
