Video1, Video2, Simulated_Score
1493,621487,17.874952
1493,612245,14.96669
1493,625793,9.791445
1493,630283,9.7473345
1493,640371,9.483978
