Video1, Video2, Simulated_Score
155988,2235,22.72586
155988,28984,14.933895
155988,151573,11.500483
155988,626138,10.317549
155988,173432,8.7390995