Video1, Video2, Simulated_Score
1885,2389,12.297712
1885,1493,8.2405
1885,617520,7.297372
1885,618084,6.5731854
1885,43555,6.262759
