Video1, Video2, Simulated_Score
151225,2235,22.72586
151225,630283,15.553886
151225,28984,14.933895
151225,151573,11.500483
151225,626138,10.317549
