Video1, Video2, Simulated_Score
611962,151278,6.25418
611962,63435,5.408109
611962,10692,5.4015217
611962,2347,5.070359
611962,621251,5.0471354
