Video1, Video2, Simulated_Score
28984,151312,15.759109
28984,626032,15.577816
28984,149961,13.5109825
28984,633428,13.229841
28984,2389,12.048292
