Video1, Video2, Simulated_Score
631648,173432,21.190912
631648,640409,19.87482
631648,28984,13.406773
631648,2221,12.57127
631648,2718,12.066839
