Video1, Video2, Simulated_Score
614834,2221,12.57127
614834,624109,12.411264
614834,2718,12.066839
614834,640409,11.978215
614834,28984,10.8492985