Video1, Video2, Simulated_Score
1493,611962,15.329182
1493,173432,10.821992
1493,2235,10.788491
1493,630283,8.751432
1493,1479,8.548504
