Video1, Video2, Simulated_Score
617569,63466,14.553332
617569,624109,11.841716
617569,2629,10.666379
617569,148241,10.540857
617569,613521,9.8562975
