Video1, Video2, Simulated_Score
151225,630283,19.526669
151225,28984,18.130577
151225,173432,12.503921
151225,2718,12.066839
151225,616659,11.465858
