Video1, Video2, Simulated_Score
617569,617879,13.5121975
617569,618242,10.71498
617569,621579,10.125231
617569,615308,9.918339
617569,615242,9.799713
