Video1, Video2, Simulated_Score
613631,617879,13.5121975
613631,618242,10.71498
613631,621579,10.125231
613631,624436,8.147033
613631,1871,7.9773045
