Video1, Video2, Simulated_Score
639267,614834,31.122375
639267,21994,15.791089
639267,616483,15.584757
639267,2389,14.421978
639267,2583,11.562794
