Video1, Video2, Simulated_Score
614834,173432,28.936409
614834,3155,17.922087
614834,28984,17.734152
614834,625793,16.881578
614834,151573,15.128986