Video1, Video2, Simulated_Score
614834,2235,22.72586
614834,28984,14.933895
614834,151573,11.500483
614834,626138,10.317549
614834,173432,8.7390995