Video1, Video2, Simulated_Score
1885,2389,27.669296
1885,43555,18.612413
1885,638813,17.833841
1885,613558,15.733987
1885,2583,11.977853
