Video1, Video2, Simulated_Score
155841,2235,22.72586
155841,28984,14.933895
155841,151573,11.500483
155841,626138,10.317549
155841,624109,9.439724
